[
  {
    "id": 1,
    "code": "A1B2C3D4E5",
    "name": "Intel Core i9-14900K",
    "type": "procesor",
    "price": 2899.99,
    "amount": 15,
    "description": "Najnowszy flagowy procesor do gier i pracy.",
    "date": "2024-11-10T10:00:00Z",
    "image": "public/image.jpg"
  },
  {
    "id": 2,
    "code": "F6G7H8I9J0",
    "name": "NVIDIA GeForce RTX 4090",
    "type": "karta graficzna",
    "price": 8999.00,
    "amount": 5,
    "description": "Ekstremalnie wydajna karta graficzna do 8K.",
    "date": "2024-11-12T12:30:00Z",
    "image": "public/image.jpg",
    "alt": "NVIDIA GeForce RTX 4090"
  },
  {
    "id": 3,
    "code": "K1L2M3N4O5",
    "name": "RAM DDR5 32GB 6400MHz",
    "type": "pamięć ram",
    "price": 499.00,
    "amount": 0,
    "description": "Szybka pamięć DDR5, wyprzedana.",
    "date": "2024-11-01T08:00:00Z",
    "image": "public/image.jpg",
    "alt": "RAM DDR5 32GB 6400MHz"
  },
  {
    "id": 4,
    "code": "SSD980PRO1T",
    "name": "Samsung SSD 980 PRO 1TB NVMe",
    "type": "dysk",
    "price": 329.50,
    "amount": 45,
    "description": "Szybki dysk SSD NVMe PCIe 4.0.",
    "date": "2024-10-25T15:10:00Z",
    "image": "public/image.jpg",
    "alt": "Samsung SSD 980 PRO 1TB NVMe"
  },
  {
    "id": 5,
    "code": "X9Z8Y7W6V5",
    "name": "AMD Ryzen 9 7950X3D",
    "type": "procesor",
    "price": 2650.00,
    "amount": 10,
    "description": "Procesor z technologią 3D V-Cache.",
    "date": "2024-10-20T16:00:00Z",
    "image": "public/image.jpg",
    "alt": "AMD Ryzen 9 7950X3D"
  },
  {
    "id": 6,
    "code": "T1S2R3Q4P5",
    "name": "ASUS RTX 3060 OC 12GB",
    "type": "karta graficzna",
    "price": 1399.00,
    "amount": 30,
    "description": "Solidna karta graficzna do Full HD/QHD.",
    "date": "2024-10-15T09:20:00Z",
    "image": "public/image.jpg"
  },
  {
    "id": 7,
    "code": "M8N7B6V5C4",
    "name": "RAM DDR4 16GB 3200MHz",
    "type": "pamięć ram",
    "price": 199.99,
    "amount": 100,
    "description": "Standardowy zestaw RAM DDR4.",
    "date": "2024-10-05T11:05:00Z",
    "image": "public/image.jpg"
  },
  {
    "id": 8,
    "code": "H9J0L1K2I3",
    "name": "Seagate Barracuda 6TB HDD",
    "type": "dysk",
    "price": 489.00,
    "amount": 0,
    "description": "Dysk twardy 3.5 cala, brak na stanie.",
    "date": "2024-09-20T14:45:00Z",
    "image": "public/image.jpg"
  },
  {
    "id": 9,
    "code": "P2O3I4U5Y6",
    "name": "Intel Core i5-14600KF",
    "type": "procesor",
    "price": 1250.00,
    "amount": 60,
    "description": "Średnia półka, bez zintegrowanej grafiki.",
    "date": "2024-09-25T13:00:00Z",
    "image": "public/image.jpg"
  },
  {
    "id": 10,
    "code": "Q7W8E9R0T1",
    "name": "AMD Radeon RX 7800 XT",
    "type": "karta graficzna",
    "price": 2599.00,
    "amount": 8,
    "description": "Dobra wydajność w 4K, konkurent RTX 4070.",
    "date": "2024-09-01T17:30:00Z",
    "image": "public/image.jpg"
  },
  {
    "id": 11,
    "code": "Z0X9C8V7B6",
    "name": "Corsair Vengeance 64GB DDR5",
    "type": "pamięć ram",
    "price": 899.00,
    "amount": 12,
    "description": "Duży zestaw pamięci do stacji roboczych.",
    "date": "2024-08-10T10:00:00Z",
    "image": "public/image.jpg"
  },
  {
    "id": 12,
    "code": "L5K4J3H2G1",
    "name": "Crucial P3 Plus 2TB NVMe",
    "type": "dysk",
    "price": 499.00,
    "amount": 0,
    "description": "Pojemny dysk SSD M.2, chwilowo niedostępny.",
    "date": "2024-08-20T11:40:00Z",
    "image": "public/image.jpg"
  },
  {
    "id": 13,
    "code": "D2F3G4H5J6",
    "name": "Intel Core i3-14100F",
    "type": "procesor",
    "price": 550.00,
    "amount": 25,
    "description": "Budżetowy procesor, doskonały do podstawowych PC.",
    "date": "2024-07-01T18:00:00Z",
    "image": "public/image.jpg"
  },
  {
    "id": 14,
    "code": "A3S4D5F6G7",
    "name": "MSI GeForce GTX 1660 Super",
    "type": "karta graficzna",
    "price": 799.00,
    "amount": 0,
    "description": "Klasyczna, wciąż użyteczna karta do Full HD.",
    "date": "2024-07-15T19:00:00Z",
    "image": "public/image.jpg"
  },
  {
    "id": 15,
    "code": "P9O8I7U6Y5",
    "name": "GoodRam 8GB DDR4 2666MHz",
    "type": "pamięć ram",
    "price": 99.00,
    "amount": 200,
    "description": "Najtańsza opcja pamięci RAM, duży stan magazynowy.",
    "date": "2024-06-01T07:00:00Z",
    "image": "public/image.jpg"
  },
  {
    "id": 16,
    "code": "N1M2K3J4H5",
    "name": "Western Digital Black SN850X 4TB",
    "type": "dysk",
    "price": 1299.00,
    "amount": 5,
    "description": "Ultraszybki dysk dla entuzjastów.",
    "date": "2024-11-05T09:30:00Z",
    "image": "public/image.jpg"
  },
  {
    "id": 17,
    "code": "V6B7C8X9Z0",
    "name": "AMD Ryzen 7 7800X3D",
    "type": "procesor",
    "price": 1799.00,
    "amount": 40,
    "description": "Obecnie najlepszy procesor do gier.",
    "date": "2024-10-30T14:15:00Z",
    "image": "public/image.jpg"
  },
  {
    "id": 18,
    "code": "R1T2Y3U4I5",
    "name": "Gigabyte RTX 4070 Ti SUPER",
    "type": "karta graficzna",
    "price": 3850.00,
    "amount": 18,
    "description": "Świetna wydajność w 1440p i 4K.",
    "date": "2024-10-28T16:45:00Z",
    "image": "public/image.jpg"
  },
  {
    "id": 19,
    "code": "O6P7A8S9D0",
    "name": "Lexar 96GB DDR5 5600MHz",
    "type": "pamięć ram",
    "price": 1199.00,
    "amount": 2,
    "description": "Ogromny zestaw pamięci RAM.",
    "date": "2024-10-18T11:00:00Z",
    "image": "public/image.jpg"
  },
  {
    "id": 20,
    "code": "F1G2H3J4K5",
    "name": "Seagate IronWolf Pro 8TB",
    "type": "dysk",
    "price": 999.00,
    "amount": 0,
    "description": "Dysk do NAS i serwerów, brak w magazynie.",
    "date": "2024-10-02T13:20:00Z",
    "image": "public/image.jpg"
  },
  {
    "id": 21,
    "code": "L6M7N8B9V0",
    "name": "Intel Core i7-14700K",
    "type": "procesor",
    "price": 1950.00,
    "amount": 22,
    "description": "Mocny procesor do multitaskingu.",
    "date": "2024-11-08T08:40:00Z",
    "image": "public/image.jpg"
  },
  {
    "id": 22,
    "code": "X1C2V3B4N5",
    "name": "Sapphire Pulse RX 6600",
    "type": "karta graficzna",
    "price": 899.00,
    "amount": 55,
    "description": "Budżetowa karta do Full HD.",
    "date": "2024-09-05T15:55:00Z",
    "image": "public/image.jpg"
  },
  {
    "id": 23,
    "code": "Q8W7E6R5T4",
    "name": "Patriot Viper Steel 32GB 3600MHz",
    "type": "pamięć ram",
    "price": 289.00,
    "amount": 75,
    "description": "Szybka pamięć DDR4 dla AMD Ryzen.",
    "date": "2024-08-05T16:10:00Z",
    "image": "public/image.jpg"
  },
  {
    "id": 24,
    "code": "Y9U8I7O6P5",
    "name": "Samsung SSD 990 PRO 2TB",
    "type": "dysk",
    "price": 899.00,
    "amount": 10,
    "description": "Najszybszy dysk SSD od Samsunga.",
    "date": "2024-11-12T07:10:00Z",
    "image": "public/image.jpg"
  },
  {
    "id": 25,
    "code": "A0S9D8F7G6",
    "name": "AMD Ryzen 5 7600X",
    "type": "procesor",
    "price": 950.00,
    "amount": 35,
    "description": "Świetny procesor do gier na platformę AM5.",
    "date": "2024-10-01T14:30:00Z",
    "image": "public/image.jpg"
  },
  {
    "id": 26,
    "code": "H5J4K3L2M1",
    "name": "Zotac RTX 4060 Twin Edge",
    "type": "karta graficzna",
    "price": 1599.00,
    "amount": 28,
    "description": "Kompatkowa i energooszczędna karta RTX 4060.",
    "date": "2024-09-29T10:25:00Z",
    "image": "public/image.jpg"
  },
  {
    "id": 27,
    "code": "N6B5V4C3X2",
    "name": "G.Skill Trident Z5 RGB 48GB",
    "type": "pamięć ram",
    "price": 799.00,
    "amount": 1,
    "description": "Wysokiej klasy pamięć z podświetleniem RGB.",
    "date": "2024-11-11T19:00:00Z",
    "image": "public/image.jpg"
  },
  {
    "id": 28,
    "code": "R4T5Y6U7I8",
    "name": "Kingston Fury Renegade 1TB SSD",
    "type": "dysk",
    "price": 279.00,
    "amount": 65,
    "description": "Szybki dysk dla graczy, niska cena.",
    "date": "2024-07-20T17:05:00Z",
    "image": "public/image.jpg"
  },
  {
    "id": 29,
    "code": "O9P0L1K2J3",
    "name": "Intel Core i5-13400F",
    "type": "procesor",
    "price": 850.00,
    "amount": 0,
    "description": "Popularny procesor z poprzedniej generacji, wyprzedany.",
    "date": "2024-06-15T12:00:00Z",
    "image": "public/image.jpg"
  },
  {
    "id": 30,
    "code": "E4R5T6Y7U8",
    "name": "Palit GeForce RTX 4080",
    "type": "karta graficzna",
    "price": 6250.00,
    "amount": 5,
    "description": "Mocna karta do rozdzielczości 4K.",
    "date": "2024-11-09T08:00:00Z",
    "image": "public/image.jpg"
  },
  {
    "id": 31,
    "code": "I9O0P1A2S3",
    "name": "Crucial Pro 16GB DDR5 5600MHz",
    "type": "pamięć ram",
    "price": 249.00,
    "amount": 80,
    "description": "Moduł 16GB dla systemów z niższym budżetem.",
    "date": "2024-08-25T14:50:00Z",
    "image": "public/image.jpg"
  },
  {
    "id": 32,
    "code": "D4F5G6H7J8",
    "name": "ADATA XPG SX8200 Pro 512GB",
    "type": "dysk",
    "price": 149.00,
    "amount": 120,
    "description": "Mały, ale szybki dysk na system.",
    "date": "2024-06-20T11:15:00Z",
    "image": "public/image.jpg"
  },
  {
    "id": 33,
    "code": "K9L0Z1X2C3",
    "name": "AMD Ryzen 3 4100",
    "type": "procesor",
    "price": 350.00,
    "amount": 90,
    "description": "Najbardziej budżetowy procesor AM4.",
    "date": "2024-05-15T13:40:00Z",
    "image": "public/image.jpg"
  },
  {
    "id": 34,
    "code": "V4B5N6M7L8",
    "name": "Inno3D RTX 4060 Ti 16GB",
    "type": "karta graficzna",
    "price": 2299.00,
    "amount": 12,
    "description": "Wersja z większą ilością VRAM.",
    "date": "2024-11-12T15:00:00Z",
    "image": "public/image.jpg"
  },
  {
    "id": 35,
    "code": "A7S8D9F0G1",
    "name": "Kingston FURY Renegade 32GB 7200MHz",
    "type": "pamięć ram",
    "price": 699.00,
    "amount": 20,
    "description": "Ekstremalnie szybki RAM DDR5.",
    "date": "2024-11-04T17:20:00Z",
    "image": "public/image.jpg"
  },
  {
    "id": 36,
    "code": "H2J3K4L5P6",
    "name": "Toshiba P300 1TB HDD",
    "type": "dysk",
    "price": 189.00,
    "amount": 150,
    "description": "Tani dysk twardy na magazyn danych.",
    "date": "2024-04-10T09:00:00Z",
    "image": "public/image.jpg"
  },
  {
    "id": 37,
    "code": "I7U8Y9T0R1",
    "name": "Intel Core i9-13900K (Refurbished)",
    "type": "procesor",
    "price": 2200.00,
    "amount": 5,
    "description": "Odnowiony procesor flagowy 13. generacji.",
    "date": "2024-09-19T14:00:00Z",
    "image": "public/image.jpg"
  },
  {
    "id": 38,
    "code": "W2E3R4T5Y6",
    "name": "ASRock RX 7900 XT Phantom Gaming",
    "type": "karta graficzna",
    "price": 4200.00,
    "amount": 10,
    "description": "Wysokowydajna karta Radeona.",
    "date": "2024-10-14T11:55:00Z",
    "image": "public/image.jpg"
  },
  {
    "id": 39,
    "code": "Q7A8Z9S0X1",
    "name": "Patriot Signature Line 8GB DDR4 2400MHz",
    "type": "pamięć ram",
    "price": 79.00,
    "amount": 300,
    "description": "Najtańsza pamięć do starszych zestawów.",
    "date": "2024-03-01T07:30:00Z",
    "image": "public/image.jpg"
  },
  {
    "id": 40,
    "code": "C2V3B4N5M6",
    "name": "SanDisk SSD PLUS 480GB SATA",
    "type": "dysk",
    "price": 129.00,
    "amount": 0,
    "description": "Dysk SATA 2.5 cala, brak na stanie.",
    "date": "2024-05-20T10:10:00Z",
    "image": "public/image.jpg"
  },
  {
    "id": 41,
    "code": "L3K4J5H6G7",
    "name": "AMD Ryzen 5 5600X",
    "type": "procesor",
    "price": 699.00,
    "amount": 50,
    "description": "Sprawdzony procesor AM4 ze średniej półki.",
    "date": "2024-08-01T09:45:00Z",
    "image": "public/image.jpg"
  },
  {
    "id": 42,
    "code": "F8D9S0A1Q2",
    "name": "PowerColor RX 7600 Fighter",
    "type": "karta graficzna",
    "price": 1250.00,
    "amount": 33,
    "description": "Karta graficzna do 1080p na lata.",
    "date": "2024-07-05T16:30:00Z",
    "image": "public/image.jpg"
  },
  {
    "id": 43,
    "code": "W3E4R5T6Y7",
    "name": "G.Skill Ripjaws V 16GB DDR4 3200MHz",
    "type": "pamięć ram",
    "price": 189.00,
    "amount": 95,
    "description": "Szybki RAM dla graczy.",
    "date": "2024-09-08T15:00:00Z",
    "image": "public/image.jpg"
  },
  {
    "id": 44,
    "code": "U8I9O0P1Z2",
    "name": "Gigabyte AORUS Gen4 SSD 1TB",
    "type": "dysk",
    "price": 299.00,
    "amount": 14,
    "description": "Dysk SSD PCIe 4.0 z radiatorem.",
    "date": "2024-10-04T12:00:00Z",
    "image": "public/image.jpg"
  },
  {
    "id": 45,
    "code": "X3C4V5B6N7",
    "name": "Intel Core i7-12700K (Używany)",
    "type": "procesor",
    "price": 1100.00,
    "amount": 3,
    "description": "Używany, ale w pełni sprawny procesor.",
    "date": "2024-05-01T10:30:00Z",
    "image": "public/image.jpg"
  },
  {
    "id": 46,
    "code": "M8N9B0V1C2",
    "name": "ASUS TUF RTX 4070 OC",
    "type": "karta graficzna",
    "price": 3199.00,
    "amount": 25,
    "description": "Solidny i cichy model RTX 4070.",
    "date": "2024-11-07T13:45:00Z",
    "image": "public/image.jpg"
  },
  {
    "id": 47,
    "code": "R3T4Y5U6I7",
    "name": "Corsair Dominator Platinum 32GB 6000MHz",
    "type": "pamięć ram",
    "price": 750.00,
    "amount": 0,
    "description": "Topowy RAM DDR5, wyprzedany.",
    "date": "2024-10-22T08:15:00Z",
    "image": "public/image.jpg"
  },
  {
    "id": 48,
    "code": "O8P9A0S1D2",
    "name": "Samsung 870 QVO 4TB SATA",
    "type": "dysk",
    "price": 999.00,
    "amount": 9,
    "description": "Duży dysk SATA do magazynowania danych.",
    "date": "2024-09-10T11:00:00Z",
    "image": "public/image.jpg"
  },
  {
    "id": 49,
    "code": "F3G4H5J6K7",
    "name": "AMD Ryzen 9 5900X",
    "type": "procesor",
    "price": 1300.00,
    "amount": 17,
    "description": "Wysokiej klasy procesor AM4 do pracy.",
    "date": "2024-07-28T14:25:00Z",
    "image": "public/image.jpg"
  },
  {
    "id": 50,
    "code": "L8P9O0I1U2",
    "name": "XFX Speedster SWFT210 RX 6700 XT",
    "type": "karta graficzna",
    "price": 1750.00,
    "amount": 29,
    "description": "Solidny model Radeona do 1440p.",
    "date": "2024-06-25T16:50:00Z",
    "image": "public/image.jpg"
  },
  {
    "id": 51,
    "code": "Y3T4R5E6W7",
    "name": "GoodRam IRDM PRO 16GB DDR4 4000MHz",
    "type": "pamięć ram",
    "price": 249.00,
    "amount": 11,
    "description": "Szybki i niezawodny RAM DDR4.",
    "date": "2024-08-05T12:00:00Z",
    "image": "public/image.jpg"
  },
  {
    "id": 52,
    "code": "A9Z8X7C6V5",
    "name": "Crucial MX500 2TB SATA",
    "type": "dysk",
    "price": 450.00,
    "amount": 0,
    "description": "Popularny dysk SSD SATA, niedostępny.",
    "date": "2024-05-15T10:40:00Z",
    "image": "public/image.jpg"
  },
  {
    "id": 53,
    "code": "B4N5M6L7K8",
    "name": "Intel Core i5-13600K",
    "type": "procesor",
    "price": 1400.00,
    "amount": 30,
    "description": "Świetna wydajność i potencjał OC.",
    "date": "2024-10-06T09:30:00Z",
    "image": "public/image.jpg"
  },
  {
    "id": 54,
    "code": "J9H0G1F2D3",
    "name": "ASUS Dual RTX 4060 Ti 8GB",
    "type": "karta graficzna",
    "price": 1999.00,
    "amount": 22,
    "description": "Kompaktowy model RTX 4060 Ti.",
    "date": "2024-11-03T17:15:00Z",
    "image": "public/image.jpg"
  },
  {
    "id": 55,
    "code": "S4A5Z6Q7W8",
    "name": "Patriot Viper Elite II 64GB 3200MHz",
    "type": "pamięć ram",
    "price": 499.00,
    "amount": 14,
    "description": "Duża ilość pamięci RAM DDR4.",
    "date": "2024-07-25T11:00:00Z",
    "image": "public/image.jpg"
  },
  {
    "id": 56,
    "code": "E9R0T1Y2U3",
    "name": "WD Red Pro 14TB HDD",
    "type": "dysk",
    "price": 1599.00,
    "amount": 6,
    "description": "Dysk do zastosowań profesjonalnych NAS.",
    "date": "2024-09-12T13:30:00Z",
    "image": "public/image.jpg"
  },
  {
    "id": 57,
    "code": "I4O5P6L7K8",
    "name": "AMD Ryzen 7 5700X",
    "type": "procesor",
    "price": 750.00,
    "amount": 80,
    "description": "Energooszczędny i wydajny procesor AM4.",
    "date": "2024-04-20T14:40:00Z",
    "image": "public/image.jpg"
  },
  {
    "id": 58,
    "code": "J9H0G1F2D3",
    "name": "Gigabyte GeForce GT 710",
    "type": "karta graficzna",
    "price": 150.00,
    "amount": 200,
    "description": "Podstawowa karta do wyświetlania obrazu.",
    "date": "2024-03-01T15:10:00Z",
    "image": "public/image.jpg"
  },
  {
    "id": 59,
    "code": "C4V5B6N7M8",
    "name": "ADATA XPG Lancer 32GB DDR5 6000MHz",
    "type": "pamięć ram",
    "price": 450.00,
    "amount": 0,
    "description": "Popularny RAM DDR5, wyprzedany.",
    "date": "2024-10-27T10:00:00Z",
    "image": "public/image.jpg"
  },
  {
    "id": 60,
    "code": "L9K8J7H6G5",
    "name": "Samsung T7 Portable SSD 1TB",
    "type": "dysk",
    "price": 399.00,
    "amount": 70,
    "description": "Zewnętrzny dysk SSD USB 3.2 Gen 2.",
    "date": "2024-09-01T11:20:00Z",
    "image": "public/image.jpg"
  },
  {
    "id": 61,
    "code": "F4D5S6A7Z8",
    "name": "Intel Core i5-12400",
    "type": "procesor",
    "price": 780.00,
    "amount": 55,
    "description": "Solidny procesor 12. generacji ze zintegrowaną grafiką.",
    "date": "2024-06-05T14:00:00Z",
    "image": "public/image.jpg"
  },
  {
    "id": 62,
    "code": "Q9W0E1R2T3",
    "name": "Sapphire Nitro+ RX 7900 XTX",
    "type": "karta graficzna",
    "price": 5499.00,
    "amount": 7,
    "description": "Najmocniejsza karta Radeona, premium chłodzenie.",
    "date": "2024-11-12T11:00:00Z",
    "image": "public/image.jpg"
  },
  {
    "id": 63,
    "code": "Y4U5I6O7P8",
    "name": "Corsair Vengeance RGB PRO 16GB DDR4 3600MHz",
    "type": "pamięć ram",
    "price": 249.00,
    "amount": 45,
    "description": "RAM DDR4 z efektownym RGB.",
    "date": "2024-08-15T16:00:00Z",
    "image": "public/image.jpg"
  },
  {
    "id": 64,
    "code": "Z9X0C1V2B3",
    "name": "Samsung 870 EVO 1TB SATA",
    "type": "dysk",
    "price": 259.00,
    "amount": 90,
    "description": "Standardowy i niezawodny dysk SATA.",
    "date": "2024-07-07T12:30:00Z",
    "image": "public/image.jpg"
  },
  {
    "id": 65,
    "code": "N4M5L6K7J8",
    "name": "AMD Ryzen 5 5500",
    "type": "procesor",
    "price": 399.00,
    "amount": 120,
    "description": "Tani procesor na podstawkę AM4.",
    "date": "2024-05-25T08:00:00Z",
    "image": "public/image.jpg"
  },
  {
    "id": 66,
    "code": "H9G0F1D2S3",
    "name": "ASUS ROG Strix RTX 4090 OC",
    "type": "karta graficzna",
    "price": 9999.00,
    "amount": 2,
    "description": "Najmocniejsza, limitowana edycja RTX 4090.",
    "date": "2024-11-12T09:00:00Z",
    "image": "public/image.jpg"
  },
  {
    "id": 67,
    "code": "A4Q5W6E7R8",
    "name": "Crucial Pro 32GB DDR5 6000MHz",
    "type": "pamięć ram",
    "price": 420.00,
    "amount": 0,
    "description": "Szybki RAM DDR5, wyprzedany.",
    "date": "2024-10-29T14:10:00Z",
    "image": "public/image.jpg"
  },
  {
    "id": 68,
    "code": "T9Y0U1I2O3",
    "name": "WD Blue SN580 1TB NVMe",
    "type": "dysk",
    "price": 219.00,
    "amount": 110,
    "description": "Dysk NVMe do codziennego użytku.",
    "date": "2024-08-22T16:20:00Z",
    "image": "public/image.jpg"
  },
  {
    "id": 69,
    "code": "P4L5K6J7H8",
    "name": "Intel Core i9-13900KS",
    "type": "procesor",
    "price": 3200.00,
    "amount": 4,
    "description": "Limitowana edycja o najwyższym taktowaniu.",
    "date": "2024-09-03T18:00:00Z",
    "image": "public/image.jpg"
  },
  {
    "id": 70,
    "code": "G9F0D1S2A3",
    "name": "MSI Ventus 2X RTX 4060",
    "type": "karta graficzna",
    "price": 1450.00,
    "amount": 42,
    "description": "Model z dwoma wentylatorami.",
    "date": "2024-08-28T12:50:00Z",
    "image": "public/image.jpg"
  },
  {
    "id": 71,
    "code": "Z4X5C6V7B8",
    "name": "GoodRam Play 32GB DDR4 3600MHz",
    "type": "pamięć ram",
    "price": 279.00,
    "amount": 60,
    "description": "Szybki RAM w dobrej cenie.",
    "date": "2024-07-18T09:15:00Z",
    "image": "public/image.jpg"
  },
  {
    "id": 72,
    "code": "N9M0L1K2J3",
    "name": "Kingston KC3000 2TB NVMe",
    "type": "dysk",
    "price": 699.00,
    "amount": 15,
    "description": "Wysokowydajny dysk PCIe 4.0.",
    "date": "2024-10-17T17:00:00Z",
    "image": "public/image.jpg"
  },
  {
    "id": 73,
    "code": "H4G5F6D7S8",
    "name": "AMD Ryzen 5 7600",
    "type": "procesor",
    "price": 850.00,
    "amount": 38,
    "description": "Podstawowy model dla AM5.",
    "date": "2024-11-01T10:30:00Z",
    "image": "public/image.jpg"
  },
  {
    "id": 74,
    "code": "A9Q0W1E2R3",
    "name": "ASUS Dual Radeon RX 6650 XT",
    "type": "karta graficzna",
    "price": 1199.00,
    "amount": 0,
    "description": "Świetna wydajność w Full HD, wyprzedana.",
    "date": "2024-06-03T11:45:00Z",
    "image": "public/image.jpg"
  },
  {
    "id": 75,
    "code": "T4Y5U6I7O8",
    "name": "Lexar Ares RGB 32GB 6800MHz",
    "type": "pamięć ram",
    "price": 599.00,
    "amount": 5,
    "description": "Bardzo szybka pamięć DDR5 z RGB.",
    "date": "2024-11-09T08:00:00Z",
    "image": "public/image.jpg"
  },
  {
    "id": 76,
    "code": "P9A0S1D2F3",
    "name": "Crucial P5 Plus 1TB NVMe",
    "type": "dysk",
    "price": 289.00,
    "amount": 77,
    "description": "Dysk PCIe 4.0 o dobrych parametrach.",
    "date": "2024-09-22T13:20:00Z",
    "image": "public/image.jpg"
  },
  {
    "id": 77,
    "code": "G4H5J6K7L8",
    "name": "Intel Core i7-14700KF",
    "type": "procesor",
    "price": 1850.00,
    "amount": 20,
    "description": "Mocny procesor, bez zintegrowanej grafiki.",
    "date": "2024-11-11T16:30:00Z",
    "image": "public/image.jpg"
  },
  {
    "id": 78,
    "code": "Z9X0C1V2B3",
    "name": "PNY GeForce RTX 4070 Verto",
    "type": "karta graficzna",
    "price": 2999.00,
    "amount": 16,
    "description": "Najtańszy model RTX 4070.",
    "date": "2024-09-09T18:10:00Z",
    "image": "public/image.jpg"
  },
  {
    "id": 79,
    "code": "N4M5L6K7J8",
    "name": "Kingston ValueRAM 4GB DDR4 2133MHz",
    "type": "pamięć ram",
    "price": 49.00,
    "amount": 400,
    "description": "Pamięć do biurowych PC, duży zapas.",
    "date": "2024-02-01T07:00:00Z",
    "image": "public/image.jpg"
  },
  {
    "id": 80,
    "code": "H9G0F1D2S3",
    "name": "Seagate SkyHawk 4TB (Monitoring)",
    "type": "dysk",
    "price": 550.00,
    "amount": 18,
    "description": "Dysk zaprojektowany do systemów monitoringu.",
    "date": "2024-08-03T15:20:00Z",
    "image": "public/image.jpg"
  },
  {
    "id": 81,
    "code": "A4Q5W6E7R8",
    "name": "AMD Ryzen 7 5700G",
    "type": "procesor",
    "price": 850.00,
    "amount": 25,
    "description": "Procesor z mocną zintegrowaną grafiką (APU).",
    "date": "2024-07-29T10:00:00Z",
    "image": "public/image.jpg"
  },
  {
    "id": 82,
    "code": "T9Y0U1I2O3",
    "name": "Intel Arc A770 Limited Edition",
    "type": "karta graficzna",
    "price": 1899.00,
    "amount": 10,
    "description": "Karta Intel Arc, duża wydajność w Ray Tracingu.",
    "date": "2024-10-24T12:00:00Z",
    "image": "public/image.jpg"
  },
  {
    "id": 83,
    "code": "P4L5K6J7H8",
    "name": "G.Skill Flare X5 64GB DDR5 (EXPO)",
    "type": "pamięć ram",
    "price": 850.00,
    "amount": 7,
    "description": "Zoptymalizowany RAM DDR5 dla platform AMD (EXPO).",
    "date": "2024-11-06T14:40:00Z",
    "image": "public/image.jpg"
  },
  {
    "id": 84,
    "code": "G9F0D1S2A3",
    "name": "WD Green SN350 480GB NVMe",
    "type": "dysk",
    "price": 109.00,
    "amount": 130,
    "description": "Budżetowy dysk NVMe, idealny do starszych PC.",
    "date": "2024-06-19T09:30:00Z",
    "image": "public/image.jpg"
  },
  {
    "id": 85,
    "code": "Z4X5C6V7B8",
    "name": "Intel Core i3-12100",
    "type": "procesor",
    "price": 500.00,
    "amount": 40,
    "description": "Podstawowy procesor 12. generacji ze zintegrowaną grafiką.",
    "date": "2024-05-10T11:00:00Z",
    "image": "public/image.jpg"
  },
  {
    "id": 86,
    "code": "N9M0L1K2J3",
    "name": "MSI Gaming X Trio RTX 3070",
    "type": "karta graficzna",
    "price": 2100.00,
    "amount": 0,
    "description": "Duży i wydajny model RTX 3070, wyprzedany.",
    "date": "2024-05-28T17:50:00Z",
    "image": "public/image.jpg"
  },
  {
    "id": 87,
    "code": "H4G5F6D7S8",
    "name": "Patriot Viper 16GB (2x8GB) 4400MHz",
    "type": "pamięć ram",
    "price": 329.00,
    "amount": 15,
    "description": "Szybki RAM DDR4 dla entuzjastów OC.",
    "date": "2024-09-24T13:00:00Z",
    "image": "public/image.jpg"
  },
  {
    "id": 88,
    "code": "A9Q0W1E2R3",
    "name": "Crucial P3 4TB NVMe",
    "type": "dysk",
    "price": 950.00,
    "amount": 1,
    "description": "Bardzo pojemny dysk M.2, ostatnia sztuka.",
    "date": "2024-10-09T14:15:00Z",
    "image": "public/image.jpg"
  },
  {
    "id": 89,
    "code": "T4Y5U6I7O8",
    "name": "AMD Ryzen 9 7900",
    "type": "procesor",
    "price": 1850.00,
    "amount": 19,
    "description": "Energooszczędny 12-rdzeniowy procesor AM5.",
    "date": "2024-11-05T08:30:00Z",
    "image": "public/image.jpg"
  },
  {
    "id": 90,
    "code": "P9A0S1D2F3",
    "name": "Zotac RTX 3050 Twin Edge",
    "type": "karta graficzna",
    "price": 950.00,
    "amount": 50,
    "description": "Karta do gier e-sportowych i Full HD.",
    "date": "2024-07-22T10:20:00Z",
    "image": "public/image.jpg"
  },
  {
    "id": 91,
    "code": "G4H5J6K7L8",
    "name": "Corsair Vengeance LPX 16GB DDR4 3000MHz",
    "type": "pamięć ram",
    "price": 169.00,
    "amount": 150,
    "description": "Niskoprofilowy, popularny RAM DDR4.",
    "date": "2024-04-10T16:00:00Z",
    "image": "public/image.jpg"
  },
  {
    "id": 92,
    "code": "Z9X0C1V2B3",
    "name": "Seagate SkyHawk 8TB",
    "type": "dysk",
    "price": 799.00,
    "amount": 0,
    "description": "Duży dysk do monitoringu, wyprzedany.",
    "date": "2024-07-01T11:00:00Z",
    "image": "public/image.jpg"
  },
  {
    "id": 93,
    "code": "N4M5L6K7J8",
    "name": "Intel Core i5-14400F",
    "type": "procesor",
    "price": 950.00,
    "amount": 70,
    "description": "Najpopularniejszy model i5 14. generacji.",
    "date": "2024-11-02T13:40:00Z",
    "image": "public/image.jpg"
  },
  {
    "id": 94,
    "code": "H9G0F1D2S3",
    "name": "Gigabyte RX 6950 XT Gaming OC",
    "type": "karta graficzna",
    "price": 3500.00,
    "amount": 8,
    "description": "Mocna karta poprzedniej generacji Radeona.",
    "date": "2024-08-18T10:00:00Z",
    "image": "public/image.jpg"
  },
  {
    "id": 95,
    "code": "A4Q5W6E7R8",
    "name": "HyperX Fury 16GB DDR4 2666MHz",
    "type": "pamięć ram",
    "price": 179.00,
    "amount": 90,
    "description": "Pamięć DDR4 w dobrej cenie, niska latencja.",
    "date": "2024-05-15T12:00:00Z",
    "image": "public/image.jpg"
  },
  {
    "id": 96,
    "code": "T9Y0U1I2O3",
    "name": "ADATA Legend 850 Lite 1TB",
    "type": "dysk",
    "price": 199.00,
    "amount": 100,
    "description": "Budżetowy, ale szybki dysk M.2.",
    "date": "2024-09-01T15:00:00Z",
    "image": "public/image.jpg"
  },
  {
    "id": 97,
    "code": "P4L5K6J7H8",
    "name": "AMD Athlon 3000G (APU)",
    "type": "procesor",
    "price": 250.00,
    "amount": 150,
    "description": "Najtańszy procesor APU, idealny do biura.",
    "date": "2024-03-20T17:00:00Z",
    "image": "public/image.jpg"
  },
  {
    "id": 98,
    "code": "G9F0D1S2A3",
    "name": "ASUS Dual RTX 3060 Ti V2",
    "type": "karta graficzna",
    "price": 1850.00,
    "amount": 0,
    "description": "Karta RTX 3060 Ti, model V2, wyprzedana.",
    "date": "2024-05-01T08:00:00Z",
    "image": "public/image.jpg"
  },
  {
    "id": 99,
    "code": "Z4X5C6V7B8",
    "name": "Corsair Vengeance 32GB DDR4 3200MHz",
    "type": "pamięć ram",
    "price": 269.00,
    "amount": 80,
    "description": "Popularny zestaw 32GB DDR4.",
    "date": "2024-08-07T14:30:00Z",
    "image": "public/image.jpg"
  },
  {
    "id": 100,
    "code": "N9M0L1K2J3",
    "name": "WD Blue 4TB SATA",
    "type": "dysk",
    "price": 389.00,
    "amount": 25,
    "description": "Dysk twardy 3.5 cala do magazynowania danych.",
    "date": "2024-06-12T16:45:00Z",
    "image": "public/image.jpg"
  }
]